<?xml version="1.0" encoding="utf-8"?>
<ModMetaData>
  <packageId>Jaxe.RimHUD</packageId>
  <name>RimHUD</name>
  <author>Jaxe</author>
  <description>Mod Version: 1.14.5\n\nRimHUD is a UI mod that displays detailed information about a selected character or creature. The HUD display is integrated into the inspect pane which can be resized to fit the additional information. Alternatively, the HUD can display a separate floating window and can be docked to any position on the screen.\n\nVisual warnings will appear if a pawn has any life-threatening conditions, has wounds that need tending to, or is close to a mental breakdown.</description>
  <supportedVersions>
    <li>1.1</li>
    <li>1.2</li>
    <li>1.3</li>
    <li>1.4</li>
  </supportedVersions>
  <modDependencies>
    <li>
      <packageId>brrainz.harmony</packageId>
      <displayName>Harmony</displayName>
      <steamWorkshopUrl>steam://url/CommunityFilePage/2009463077</steamWorkshopUrl>
      <downloadUrl>https://github.com/pardeike/HarmonyRimWorld/releases/latest</downloadUrl>
    </li>
  </modDependencies>
  <loadAfter>
    <li>brrainz.harmony</li>
  </loadAfter>
</ModMetaData>
